<?xml version="1.0" ?>
<config xmlns:xsi="http://www.w3.org/2001/XMLSchema-instance" xsi:noNamespaceSchemaLocation="urn:magento:module:Magento_Config:etc/system_file.xsd">
	<system>
		<tab id="blue" translate="label" sortOrder="999">
			<label>Blue</label>
		</tab>
		<section id="logic" sortOrder="10" showInWebsite="1" showInStore="1" showInDefault="1" translate="label">
			<label>Logic</label>
			<tab>blue</tab>
			<resource>Blue_CustomSection::config_blue_customsection</resource>
			<group id="general" sortOrder="10" showInWebsite="1" showInStore="1" showInDefault="1" translate="label">
				<label>General</label>
				<field id="productdisclaimer" type="text" sortOrder="10" showInWebsite="1" showInStore="1" showInDefault="1" translate="label">
					<label>Product Disclaimer</label>
					<comment/>
				</field>
			</group>
		</section>
	</system>
</config>