<?xml version="1.0" ?>
<config xmlns:xsi="http://www.w3.org/2001/XMLSchema-instance" xsi:noNamespaceSchemaLocation="urn:magento:framework:Acl/etc/acl.xsd">
	<acl>
		<resources>
			<resource id="Magento_Backend::admin">
				<resource id="Blue_Logic::bluelogic" title="bluelogic" sortOrder="10">
					<resource id="Blue_Logic::bluelogic_save" title="Save bluelogic" sortOrder="10"/>
					<resource id="Blue_Logic::bluelogic_delete" title="Delete bluelogic" sortOrder="20"/>
					<resource id="Blue_Logic::bluelogic_update" title="Update bluelogic" sortOrder="30"/>
					<resource id="Blue_Logic::bluelogic_view" title="View bluelogic" sortOrder="40"/>
				</resource>
			</resource>
		</resources>
	</acl>
</config>
