<?xml version="1.0" ?>
<schema xmlns:xsi="http://www.w3.org/2001/XMLSchema-instance" xsi:noNamespaceSchemaLocation="urn:magento:framework:Setup/Declaration/Schema/etc/schema.xsd">
	<table name="blue_logic_bluelogic" resource="default" engine="innodb" comment="blue_logic_bluelogic Table">
		<column xsi:type="smallint" name="bluelogic_id" padding="6" unsigned="true" nullable="false" identity="true" comment="Entity Id"/>
		<constraint xsi:type="primary" referenceId="PRIMARY">
			<column name="bluelogic_id"/>
		</constraint>
		<column name="entity_id" nullable="true" xsi:type="int" comment="entity_id" identity="false"/>
		<index referenceId="BLUE_LOGIC_BLUELOGIC_ENTITY_ID" indexType="btree">
			<column name="entity_id"/>
		</index>
		<column name="sku" nullable="true" xsi:type="varchar" comment="sku" length="255"/>
		<column name="vendor_name" nullable="true" xsi:type="varchar" comment="vendor_name" length="255"/>
		<column name="vendor_note" nullable="true" xsi:type="text" comment="vendor_note"/>
		<column name="created_at" nullable="true" xsi:type="datetime" comment="created_at" default="CURRENT_TIMESTAMP"/>
		<column name="updated_at" nullable="true" xsi:type="datetime" comment="updated_at" default="CURRENT_TIMESTAMP"/>
		<column name="store_id" nullable="false" xsi:type="int" comment="store_id" default="0" identity="false"/>
	</table>
</schema>
