<?xml version="1.0" ?>
<config xmlns:xsi="http://www.w3.org/2001/XMLSchema-instance" xsi:noNamespaceSchemaLocation="urn:magento:framework:ObjectManager/etc/config.xsd">
	<preference for="Blue\Logic\Api\BluelogicRepositoryInterface" type="Blue\Logic\Model\BluelogicRepository"/>
	<preference for="Blue\Logic\Api\Data\BluelogicInterface" type="Blue\Logic\Model\Data\Bluelogic"/>
	<preference for="Blue\Logic\Api\Data\BluelogicSearchResultsInterface" type="Magento\Framework\Api\SearchResults"/>
	<virtualType name="Blue\Logic\Model\ResourceModel\Bluelogic\Grid\Collection" type="Magento\Framework\View\Element\UiComponent\DataProvider\SearchResult">
		<arguments>
			<argument name="mainTable" xsi:type="string">blue_logic_bluelogic</argument>
			<argument name="resourceModel" xsi:type="string">Blue\Logic\Model\ResourceModel\Bluelogic\Collection</argument>
		</arguments>
	</virtualType>
	<type name="Magento\Framework\View\Element\UiComponent\DataProvider\CollectionFactory">
		<arguments>
			<argument name="collections" xsi:type="array">
				<item name="blue_logic_bluelogic_listing_data_source" xsi:type="string">Blue\Logic\Model\ResourceModel\Bluelogic\Grid\Collection</item>
			</argument>
		</arguments>
	</type>
</config>
