<?xml version="1.0" ?>
<routes xmlns:xsi="http://www.w3.org/2001/XMLSchema-instance" xsi:noNamespaceSchemaLocation="urn:magento:module:Magento_Webapi:etc/webapi.xsd">
	<route url="/V1/blue-logic/bluelogic" method="POST">
		<service class="Blue\Logic\Api\BluelogicRepositoryInterface" method="save"/>
		<resources>
			<resource ref="Blue_Logic::bluelogic_save"/>
		</resources>
	</route>
	<route url="/V1/blue-logic/bluelogic/search" method="GET">
		<service class="Blue\Logic\Api\BluelogicRepositoryInterface" method="getList"/>
		<resources>
			<resource ref="Blue_Logic::bluelogic_view"/>
		</resources>
	</route>
	<route url="/V1/blue-logic/bluelogic/:bluelogicId" method="GET">
		<service class="Blue\Logic\Api\BluelogicRepositoryInterface" method="get"/>
		<resources>
			<resource ref="Blue_Logic::bluelogic_view"/>
		</resources>
	</route>
	<route url="/V1/blue-logic/bluelogic/:bluelogicId" method="PUT">
		<service class="Blue\Logic\Api\BluelogicRepositoryInterface" method="save"/>
		<resources>
			<resource ref="Blue_Logic::bluelogic_update"/>
		</resources>
	</route>
	<route url="/V1/blue-logic/bluelogic/:bluelogicId" method="DELETE">
		<service class="Blue\Logic\Api\BluelogicRepositoryInterface" method="deleteById"/>
		<resources>
			<resource ref="Blue_Logic::bluelogic_delete"/>
		</resources>
	</route>
</routes>
